{"id":"wireless-253","displayName":"100UE_Attach","lastModified":1679297003,"lastAccessed":1679297003,"tags":{"category":"Full Core"},"type":"wireless","ownerId":"130132cb-08a3-42fa-a135-e73e426f0bd7","owner":"takehito.kamei@keysight.com","readonly":false,"configUrl":"http://wireless-data-model.keysight-wap.svc.cluster.local./api/v2/configs/wireless-253","configData":null,"application":"","encodedFiles":true,"linkedResources":[{"rel":"child","type":"child","method":"GET","name":"configUrl","href":"http://wireless-data-model.keysight-wap.svc.cluster.local./api/v2/configs/wireless-253","contentType":"application/json"}]}