{"id":"wireless-289","displayName":"FullCoreConfig","lastModified":1677564230,"lastAccessed":1677564230,"tags":{"category":"Full Core"},"type":"wireless","ownerId":"ffd5699b-dcf9-4510-b48d-ce3d93d998f1","owner":"takehito.kamei@keysight.com","readonly":false,"configUrl":"http://wireless-data-model.keysight-wap.svc.cluster.local./api/v2/configs/wireless-289","configData":null,"application":"","encodedFiles":true,"linkedResources":[{"rel":"child","type":"child","method":"GET","name":"configUrl","href":"http://wireless-data-model.keysight-wap.svc.cluster.local./api/v2/configs/wireless-289","contentType":"application/json"}]}