{"id":"wireless-277","displayName":"configRest","lastModified":1672126588,"lastAccessed":1672126588,"tags":{"category":"Full Core"},"type":"wireless","ownerId":"a65cf43b-4ce3-44d7-b0c7-b61dc018e373","owner":"demo@keysight.com","readonly":false,"configUrl":"http://wireless-data-model.keysight-wap.svc.cluster.local./api/v2/configs/wireless-277","configData":null,"application":"","encodedFiles":true,"linkedResources":[{"rel":"child","type":"child","method":"GET","name":"configUrl","href":"http://wireless-data-model.keysight-wap.svc.cluster.local./api/v2/configs/wireless-277","contentType":"application/json"}]}